<application>
  <component name="XDebuggerSettings">
    <data-views>
      <option name="valueLookupDelay" value="150" />
    </data-views>
    <general />
    <debuggers>
      <debugger id="dotnet_debugger">
        <configuration>
          <option name="breakOnUserUnhandledExceptions" value="true" />
          <option name="userUnhandledExceptionsIgnoreList">
            <list>
              <option value="System.OperationCanceledException" />
              <option value="System.Threading.Tasks.TaskCanceledException" />
              <option value="System.Threading.ThreadAbortException" />
              <option value="System.Net.WebException" />
              <option value="Microsoft.IdentityModel.Tokens.SecurityTokenExpiredException" />
            </list>
          </option>
        </configuration>
      </debugger>
      <debugger id="javascript">
        <configuration>
          <custom-object-presentation />
        </configuration>
      </debugger>
    </debuggers>
  </component>
</application>