<application>
  <component name="UpdatesConfigurable">
    <ignoredBuildNumbers>
      <item value="213.6461.51" />
      <item value="231.9161.46" />
    </ignoredBuildNumbers>
    <option name="LAST_BUILD_CHECKED" value="RD-232.9921.83" />
    <option name="LAST_TIME_CHECKED" value="1696957061806" />
    <option name="OBSOLETE_CUSTOM_REPOSITORIES_CLEAN_NEEDED" value="false" />
    <option name="THIRD_PARTY_PLUGINS_ALLOWED" value="true" />
    <option name="WHATS_NEW_SHOWN_FOR" value="232" />
  </component>
</application>